Study Identifier,Comments,Intervention,Withdrawal 1 year follow up %,Withdrawal 1 year follow up N,Withdrawal 2 weeks (low dose endpoint) %,Withdrawal 2 weeks (low dose endpoint) N,Withdrawal 3 months [Acute phase post-intervention] %,Withdrawal 3 months [Acute phase post-intervention] N,Withdrawal 4 weeks (high dose endpoint) %,Withdrawal 4 weeks (high dose endpoint) N,Withdrawal Baseline to follow up [8 weeks after post-intervention] %,Withdrawal Baseline to follow up [8 weeks after post-intervention] N,Withdrawal Endpoint %,Withdrawal Endpoint N,Withdrawal Follow up [six months] %,Withdrawal Follow up [six months] N
Arnold 2010,"Title: Safety and efficacy of esreboxetine in patients with fibromyalgia: An 8-week, multicenter, randomized, double-blind, placebo-controlled study",Placebo,,,,,,,,,,,20.3,27,,
Arnold 2010,"Title: Safety and efficacy of esreboxetine in patients with fibromyalgia: An 8-week, multicenter, randomized, double-blind, placebo-controlled study",Esreboxetine - 8mg,,,,,,,,,,,20.1,27,,
Gonzalez-Viejo 2005,Title: A comparative study of fibromyalgia treatment: ultrasonography and physiotherapy versus sertraline treatment,Physical Therapy,,,,,,,,,,,0,0,,
Gonzalez-Viejo 2005,Title: A comparative study of fibromyalgia treatment: ultrasonography and physiotherapy versus sertraline treatment,Sertraline - 50mg,,,,,,,,,,,0,0,,
Hammody 2015,Title: Pregabalin Versus Amitriptyline in the Treatment of Fibromyalgia Patients (A Double Blind Comparative Study),Pregabalin - 75mg,,,,,,,,,,,46.77,,,
Hammody 2015,Title: Pregabalin Versus Amitriptyline in the Treatment of Fibromyalgia Patients (A Double Blind Comparative Study),Amitriptyline - 25mg,,,,,,,,,,,26.22,,,
Cardenas 2002,Title: Efficacy of amitriptyline for relief of pain in spinal cord injury: results of a randomized controlled trial,Benzotropine mesylate,,,,,,,,,,,8,3,,
Cardenas 2002,Title: Efficacy of amitriptyline for relief of pain in spinal cord injury: results of a randomized controlled trial,Amitriptyline - 10-125 mg,,,,,,,,,,,18,8,,
Gould 2020,"Title: A randomized placebo-controlled trial of desipramine, cognitive behavioral therapy, and active placebo therapy for low back pain",Benzotropine mesylate,,,,,,,,,,,27.3,9,,
Gould 2020,"Title: A randomized placebo-controlled trial of desipramine, cognitive behavioral therapy, and active placebo therapy for low back pain",Desipramine,,,,,,,,,,,28.9,11,,
Gould 2020,"Title: A randomized placebo-controlled trial of desipramine, cognitive behavioral therapy, and active placebo therapy for low back pain",Benzotropine mesylate + CBT,,,,,,,,,,,20.6,7,,
Gould 2020,"Title: A randomized placebo-controlled trial of desipramine, cognitive behavioral therapy, and active placebo therapy for low back pain",Desipramine + CBT,,,,,,,,,,,43.2,16,,
Ang 2013,"Title: Combining cognitive-behavioral therapy and milnacipran for fibromyalgia: a feasibility randomized-controlled trial
Pilot/feasibility study",CBT and placebo,,,,,,,,,,,21.1,4,,
Ang 2013,"Title: Combining cognitive-behavioral therapy and milnacipran for fibromyalgia: a feasibility randomized-controlled trial
Pilot/feasibility study",CBT and milnacipran - 100mg,,,,,,,,,,,15,3,,
Ang 2013,"Title: Combining cognitive-behavioral therapy and milnacipran for fibromyalgia: a feasibility randomized-controlled trial
Pilot/feasibility study",Education and milnacipran - 100mg,,,,,,,,,,,10.53,2,,
Carette 1994,"Title: Comparison of amitriptyline, cyclobenzaprine, and placebo in the treatment of fibromyalgia: A randomized, double-blind clinical trial",Placebo,,,,,,,,,,,33.3,14,,
Carette 1994,"Title: Comparison of amitriptyline, cyclobenzaprine, and placebo in the treatment of fibromyalgia: A randomized, double-blind clinical trial",Amitriptyline - 25-50mg,,,,,,,,,,,16.7,14,,
Carette 1994,"Title: Comparison of amitriptyline, cyclobenzaprine, and placebo in the treatment of fibromyalgia: A randomized, double-blind clinical trial",Cyclobenzaprine - 20-30mg,,,,,,,,,,,29.3,24,,
Macfarlane 1986,Title: Trimipramine in rheumatoid arthritis: a randomized double-blind trial in relieving pain and joint tenderness,Placebo,,,,,,,,,,,27.8,5,,
Macfarlane 1986,Title: Trimipramine in rheumatoid arthritis: a randomized double-blind trial in relieving pain and joint tenderness,Trimipramine - 25-75mg,,,,,,,,,,,27.8,5,,
Keskinbora 2006,Title: Comparison of efficacy of gabapentin and amitriptyline in the management of peripheral neuropathic pain,Gabapentin 900 – 3600mg,,,,,,,,,,,,,,
Keskinbora 2006,Title: Comparison of efficacy of gabapentin and amitriptyline in the management of peripheral neuropathic pain,Amitriptyline 25 – 150mg,,,,,,,,,,,,,,
Nct 2003,"Title: Comparison of Psychological and Pharmacological Treatments for Pain Due to Temporomandibular Joint Disorder (TMD). Not published, this is all extracted the trial registry. https://clinicaltrials.gov/ct2/show/NCT00066937.",Benztropine + CBT,,,,,,,,,,,23.7,9,,
Nct 2003,"Title: Comparison of Psychological and Pharmacological Treatments for Pain Due to Temporomandibular Joint Disorder (TMD). Not published, this is all extracted the trial registry. https://clinicaltrials.gov/ct2/show/NCT00066937.",Nortriptyline + CBT,,,,,,,,,,,36.6,15,,
Nct 2003,"Title: Comparison of Psychological and Pharmacological Treatments for Pain Due to Temporomandibular Joint Disorder (TMD). Not published, this is all extracted the trial registry. https://clinicaltrials.gov/ct2/show/NCT00066937.",Benztropine + MGT,,,,,,,,,,,41.7,10,,
Nct 2003,"Title: Comparison of Psychological and Pharmacological Treatments for Pain Due to Temporomandibular Joint Disorder (TMD). Not published, this is all extracted the trial registry. https://clinicaltrials.gov/ct2/show/NCT00066937.",Nortriptyline + MGT,,,,,,,,,,,40.5,15,,
Lee 2010,"Title: Efficacy of Venlafaxine for Symptomatic Relief in Young Adult Patients With Functional Chest Pain: A Randomized, Double-Blind, Placebo-Controlled, Crossover Trial",Placebo,,,,,,,,,,,12,3,,
Lee 2010,"Title: Efficacy of Venlafaxine for Symptomatic Relief in Young Adult Patients With Functional Chest Pain: A Randomized, Double-Blind, Placebo-Controlled, Crossover Trial",Venlafaxine - 75mg,,,,,,,,,,,4,1,,
dsrhv 2018,Title: Comparative study of conservative therapies for dysfunction chronic muscular temporomandibular: blind controlled randomized clinical trial,Control,,,,,,,,,,,12.5,3,,
dsrhv 2018,Title: Comparative study of conservative therapies for dysfunction chronic muscular temporomandibular: blind controlled randomized clinical trial,Amitriptyline 10mg,,,,,,,,,,,12.5,3,,
dsrhv 2018,Title: Comparative study of conservative therapies for dysfunction chronic muscular temporomandibular: blind controlled randomized clinical trial,Amitriptyline 10mg + splint,,,,,,,,,,,4.2,1,,
dsrhv 2018,Title: Comparative study of conservative therapies for dysfunction chronic muscular temporomandibular: blind controlled randomized clinical trial,Acupuncture,,,,,,,,,,,45.83,11,,
Cannon 1994,Title: Imipramine in patients with chest pain despite normal coronary angiograms,Placebo,,,,,,,,,,,,,,
Cannon 1994,Title: Imipramine in patients with chest pain despite normal coronary angiograms,Clonidine,,,,,,,,,,,,,,
Cannon 1994,Title: Imipramine in patients with chest pain despite normal coronary angiograms,Imipramine 50mg,,,,,,,,,,,,,,
Shlay 1998,"Title: Acupuncture and Amitriptyline for Pain Due to HIV-Related Peripheral Neuropathy, A Randomized Controlled Trial",Placebo,,,,,,,,,21.5,14,16.9,11,,
Shlay 1998,"Title: Acupuncture and Amitriptyline for Pain Due to HIV-Related Peripheral Neuropathy, A Randomized Controlled Trial",Amitriptyline 75mg,,,,,,,,,31,22,21.1,15,,
Kalso 1996,Title: Amitriptyline effectively relieves neuropathic pain following treatment of breast cancer,Placebo,,,,,,,,,,,,,,
Kalso 1996,Title: Amitriptyline effectively relieves neuropathic pain following treatment of breast cancer,Amitriptyline 100mg,,,,,,,,,,,,,,
Rintala 2007,Title: Comparison of the Effectiveness of Amitriptyline and Gabapentin on Chronic Neuropathic Pain in Persons With Spinal Cord Injury,Gabapentin ≤3600mg,,,,,,,,,,,31.6,12,,
Rintala 2007,Title: Comparison of the Effectiveness of Amitriptyline and Gabapentin on Chronic Neuropathic Pain in Persons With Spinal Cord Injury,Amitriptyline ≤150mg,,,,,,,,,,,26.3,10,,
Rintala 2007,Title: Comparison of the Effectiveness of Amitriptyline and Gabapentin on Chronic Neuropathic Pain in Persons With Spinal Cord Injury,Diphenhydramine ≤75mg,,,,,,,,,,,34.2,13,,
Richards 2015,"Title: Efficacy of Venlafaxine XR for the Treatment of Pain in Patients With Spinal Cord Injury and Major Depression: A Randomized, Controlled Trial",Placebo,,,,,,,,,,,23.7,14,,
Richards 2015,"Title: Efficacy of Venlafaxine XR for the Treatment of Pain in Patients With Spinal Cord Injury and Major Depression: A Randomized, Controlled Trial",Venlafaxine 37.5 - 225mg,,,,,,,,,,,23.4,15,,
GlaxoSmithKline 2005,"Title: Treatment of fibromyalgia: a randomized, double-blind, placebo-controlled study of paroxetine, a selective serotonin re-uptake inhibitor.",Placebo,,,,,,,,,,,19,5,,
GlaxoSmithKline 2005,"Title: Treatment of fibromyalgia: a randomized, double-blind, placebo-controlled study of paroxetine, a selective serotonin re-uptake inhibitor.",Paroxetine 20mg,,,,,,,,,,,31,8,,
Atkinson 2007,Title: Efficacy of Noradrenergic and Seotonergic Antidepressants in Chronic Back pain: A Preliminary Concentration-Controlled Trial,Benztropine mesylate 0.5 [active placebo],,,,,,,,,,,,,,
Atkinson 2007,Title: Efficacy of Noradrenergic and Seotonergic Antidepressants in Chronic Back pain: A Preliminary Concentration-Controlled Trial,Desipramine - low,,,,,,,,,,,,,,
Atkinson 2007,Title: Efficacy of Noradrenergic and Seotonergic Antidepressants in Chronic Back pain: A Preliminary Concentration-Controlled Trial,Desipramine - medium,,,,,,,,,,,,,,
Atkinson 2007,Title: Efficacy of Noradrenergic and Seotonergic Antidepressants in Chronic Back pain: A Preliminary Concentration-Controlled Trial,Desipramine - high,,,,,,,,,,,,,,
Atkinson 2007,Title: Efficacy of Noradrenergic and Seotonergic Antidepressants in Chronic Back pain: A Preliminary Concentration-Controlled Trial,Fluoxetine - low,,,,,,,,,,,,,,
Atkinson 2007,Title: Efficacy of Noradrenergic and Seotonergic Antidepressants in Chronic Back pain: A Preliminary Concentration-Controlled Trial,Fluoxetine - medium,,,,,,,,,,,,,,
Atkinson 2007,Title: Efficacy of Noradrenergic and Seotonergic Antidepressants in Chronic Back pain: A Preliminary Concentration-Controlled Trial,Fluoxetine - high,,,,,,,,,,,,,,
Riesner 2008,"Reviewer 1: extracted and appraised in German, reviewer 2: extracted and appraised in English, these will be compared. Title: An additive therapy for chronic pain in advanced gon-/coxarthrosis with the selective serotonin reuptake inhibitor Fluvoxamine (Fevarin)",Placebo,,,,,,,,,,,,,,
Riesner 2008,"Reviewer 1: extracted and appraised in German, reviewer 2: extracted and appraised in English, these will be compared. Title: An additive therapy for chronic pain in advanced gon-/coxarthrosis with the selective serotonin reuptake inhibitor Fluvoxamine (Fevarin)",Fluvoxamine - 50-150mg,,,,,,,,,,,,,,
Watson 1998,Title: Nortriptyline versus amitriptyline in postherpetic neuralgia: A randomized trial,Amitriptyline - ≥10mg,,,,,,,,,,,3.03,1,,
Watson 1998,Title: Nortriptyline versus amitriptyline in postherpetic neuralgia: A randomized trial,Nortriptyline - ≥10mg,,,,,,,,,,,3.03,1,,
Scudds 1989,Title: Improvements in Pain Responsiveness in Patients with Fibrositis After Successful Treatment with Amitriptyline,Placebo,,,,,,,,,,,5.1,2,,
Scudds 1989,Title: Improvements in Pain Responsiveness in Patients with Fibrositis After Successful Treatment with Amitriptyline,Amitriptyline,,,,,,,,,,,2.6,1,,
Graff-Radford 2000,Title: Amitriptyline and Fluphenazine in the Treatment of Postherpetic Neuralgia,Amitriptyline (Group 1),,,,,,,,,,,8.3,1,,
Graff-Radford 2000,Title: Amitriptyline and Fluphenazine in the Treatment of Postherpetic Neuralgia,Amitriptyline + Fluphenazine (Group 2),,,,,,,,,,,0,0,,
Graff-Radford 2000,Title: Amitriptyline and Fluphenazine in the Treatment of Postherpetic Neuralgia,Fluphenazine (Group 3),,,,,,,,,,,0,0,,
Graff-Radford 2000,Title: Amitriptyline and Fluphenazine in the Treatment of Postherpetic Neuralgia,Glycopyrrolate (Active Placebo; Group 4),,,,,,,,,,,0,0,,
Zitman 1990,Title: Low dose amitriptyline in chronic pain: the gain is modest,Riboflavin - 15mg,,,,,,,,,,,16.7,4,,
Zitman 1990,Title: Low dose amitriptyline in chronic pain: the gain is modest,Amitriptyline - 75mg + Riboflavin - 15mg,,,,,,,,,,,24,6,,
Ozerbil 2006,Title: Comparison of the effects of two antidepressants on exercise performance of the female patients with fibromyalgia,Amitriptyline - 25mg + Placebo,,,,,,,,,,,,,,
Ozerbil 2006,Title: Comparison of the effects of two antidepressants on exercise performance of the female patients with fibromyalgia,Fluoxetine - 20mg + Placebo,,,,,,,,,,,,,,
Pickering 2018,Title: Milnacipran poorly modulates pain in patients suffering from fibromyalgia: a randomized double-blind controlled study,Placebo,,,,,,,,,,,4,1,,
Pickering 2018,Title: Milnacipran poorly modulates pain in patients suffering from fibromyalgia: a randomized double-blind controlled study,Milnacipran - 100mg,,,,,,,,,,,20.8,5,,
Goldenberg 1996,"A randomized, double-blind crossover trial of fluoxetine and amitriptyline in the treatment of fibromyalgia",Placebo,,,,,,,,,,,3.2,1,,
Goldenberg 1996,"A randomized, double-blind crossover trial of fluoxetine and amitriptyline in the treatment of fibromyalgia",Amitriptyline - 25mg + Placebo,,,,,,,,,,,3.2,1,,
Goldenberg 1996,"A randomized, double-blind crossover trial of fluoxetine and amitriptyline in the treatment of fibromyalgia",Fluoxetine - 20mg + Placebo,,,,,,,,,,,12.9,4,,
Goldenberg 1996,"A randomized, double-blind crossover trial of fluoxetine and amitriptyline in the treatment of fibromyalgia",Amitriptyline - 25mg + Fluoxetine - 20mg,,,,,,,,,,,16.1,5,,
Alcoff 1982,Title: Controlled Trial of Imipramine for Chronic Low Back Pain,Placebo,,,,,,,,,,,9.1,2,,
Alcoff 1982,Title: Controlled Trial of Imipramine for Chronic Low Back Pain,Imipramine - 150mg,,,,,,,,,,,25,7,,
Caruso 1987,Title: Double-blind Study of Dothiepin versus Placebo in the Treatment of Primary Fibromyalgia Syndrome.,Placebo,,,,,,,,,,,13.3,4,,
Caruso 1987,Title: Double-blind Study of Dothiepin versus Placebo in the Treatment of Primary Fibromyalgia Syndrome.,Dothiepin - 75mg,,,,,,,,,,,13.3,4,,
Max 1992,"Title: Effects of desipramine, amitriptyline, and fluoxetine on pain in diabetic neuropathy (Study 1)",Desipramine 12.5 - 150mg,,,,,,,,,,,,,,
Max 1992,"Title: Effects of desipramine, amitriptyline, and fluoxetine on pain in diabetic neuropathy (Study 1)",Amitriptyline 12.5 - 150mg,,,,,,,,,,,,,,
Tammiala-Salonen 1999,"Title: Trazodone in Burning Mouth Pain: A Placebo-Controlled, Double-Blind Study",Placebo,,,,,,,,,,,10.5,2,,
Tammiala-Salonen 1999,"Title: Trazodone in Burning Mouth Pain: A Placebo-Controlled, Double-Blind Study",Trazodone 200mg,,,,,,,,,,,38.9,7,,
Goldenberg 1986,"Title: A randomized, controlled trial of amitriptyline and naproxen in the treatment of patients with fibromyalgia",Amitriptyline + naproxen (A+N),,,,,,,,,,,,1,,
Goldenberg 1986,"Title: A randomized, controlled trial of amitriptyline and naproxen in the treatment of patients with fibromyalgia",Placebo + naproxen (N),,,,,,,,,,,,1,,
Goldenberg 1986,"Title: A randomized, controlled trial of amitriptyline and naproxen in the treatment of patients with fibromyalgia",Amitriptyline + placebo (A),,,,,,,,,,,,1,,
Goldenberg 1986,"Title: A randomized, controlled trial of amitriptyline and naproxen in the treatment of patients with fibromyalgia",Placebo + placebo (PL),,,,,,,,,,,,1,,
Bateman 2011,Title: Results of switching to milnacipran in fibromyalgia patients with an inadequate response to duloxetine: a phase IV pilot study,Milnacipran 50 - 200mg,,,,,,,,,,,40.7,35,,
Bateman 2011,Title: Results of switching to milnacipran in fibromyalgia patients with an inadequate response to duloxetine: a phase IV pilot study,Placebo,,,,,,,,,,,47.6,10,,
Pilowsky 1990,"Title: A controlled study of psychotherapy and amitriptyline used individually and in combination in the treatment of chronic intractable, 'psychogenic' pain",Amitriptyline + pyschotherapy,,,,,,,,,,,24,,,
Pilowsky 1990,"Title: A controlled study of psychotherapy and amitriptyline used individually and in combination in the treatment of chronic intractable, 'psychogenic' pain",Amitriptyline + support,,,,,,,,,,,25,,,
Pilowsky 1990,"Title: A controlled study of psychotherapy and amitriptyline used individually and in combination in the treatment of chronic intractable, 'psychogenic' pain",Placebo + psychotherapy,,,,,,,,,,,19,,,
Pilowsky 1990,"Title: A controlled study of psychotherapy and amitriptyline used individually and in combination in the treatment of chronic intractable, 'psychogenic' pain",Placebo + support,,,,,,,,,,,31,,,
Morello 1999,Title: Randomized Double-Blind Study Comparing the Efficacy of Gabapentin with Amitriptyline on Diabetic Peripheral Neuropathy Pain,Gabapentin 900 - 1800mg,,,,,,,,,,,8,2,,
Morello 1999,Title: Randomized Double-Blind Study Comparing the Efficacy of Gabapentin with Amitriptyline on Diabetic Peripheral Neuropathy Pain,Amitriptyline 25 - 75mg,,,,,,,,,,,8,2,,
Ward 1986,Title: Tricyclic Antidepressants for Chronic Low-Back Pain,Doxepin,,,,,,,,,,,,,,
Ward 1986,Title: Tricyclic Antidepressants for Chronic Low-Back Pain,Desipramine,,,,,,,,,,,,,,
Vitton 2004,Information from other article: Gendreau 2005- reference in comments,Placebo,,,,,,,,,,,25,7,,
Vitton 2004,Information from other article: Gendreau 2005- reference in comments,Milnacipran 25-200mg/day [q.d],,,,,,,,,,,30.4,14,,
Vitton 2004,Information from other article: Gendreau 2005- reference in comments,Milnacipran 25-200mg/day [b.i.d],,,,,,,,,,,27.5,14,,
Sencan 2004,Title: A study to compare the therapeutic efficacy of aerobic exercise and paroxetine in fibromyalgia syndrome,Aerobic exercise (Group I),,,,,,,,,,,0,0,30,6
Sencan 2004,Title: A study to compare the therapeutic efficacy of aerobic exercise and paroxetine in fibromyalgia syndrome,Paroxetine 20mg (Group II),,,,,,,,,,,0,0,10,2
Sencan 2004,Title: A study to compare the therapeutic efficacy of aerobic exercise and paroxetine in fibromyalgia syndrome,Placebo TENS (Group III),,,,,,,,,,,0,0,0,0
Watson 1992,"Title: Amitriptyline versus maprotiline in postherpetic neuralgia: a randomized, double-blind, crossover trial",Amitriptyline,,,,,,,,,,,5.7,2,,
Watson 1992,"Title: Amitriptyline versus maprotiline in postherpetic neuralgia: a randomized, double-blind, crossover trial",Maprotiline,,,,,,,,,,,2.9,1,,
Talley 2008,"Title: Antidepressant therapy (imipramine and citalopram) for irritable bowel syndrome: a double-blind, randomized, placebo-controlled trial",Placebo,,,,,,,,,,,18.75,3,,
Talley 2008,"Title: Antidepressant therapy (imipramine and citalopram) for irritable bowel syndrome: a double-blind, randomized, placebo-controlled trial",Imipramine - 50mg,,,,,,,,,,,50,9,,
Talley 2008,"Title: Antidepressant therapy (imipramine and citalopram) for irritable bowel syndrome: a double-blind, randomized, placebo-controlled trial",Citalopram - 40mg,,,,,,,,,,,29.4,5,,
Skljarevski 2009,"Title: A double-blind, randomized trial of duloxetine versus placebo in the management of chronic low back pain. ""Study design, funding and drugs were supplied by Eli Lilly and Company.""",Placebo,,,,,,,,,,,29.9,35,,
Skljarevski 2009,"Title: A double-blind, randomized trial of duloxetine versus placebo in the management of chronic low back pain. ""Study design, funding and drugs were supplied by Eli Lilly and Company.""",Duloxetine - 20mg,,,,,,,,,,,27.1,16,,
Skljarevski 2009,"Title: A double-blind, randomized trial of duloxetine versus placebo in the management of chronic low back pain. ""Study design, funding and drugs were supplied by Eli Lilly and Company.""",Duloxetine - 60mg,,,,,,,,,,,31,36,,
Skljarevski 2009,"Title: A double-blind, randomized trial of duloxetine versus placebo in the management of chronic low back pain. ""Study design, funding and drugs were supplied by Eli Lilly and Company.""",Duloxetine - 120mg,,,,,,,,,,,44.6,50,,
Ware 2010,Title: Nabilone Versus Amitriptyline in Improving Quality of Sleep in Patients With Fibromyalgia,Nabilone 0.5-1.0mg,,,,,,,,,,,,,,
Ware 2010,Title: Nabilone Versus Amitriptyline in Improving Quality of Sleep in Patients With Fibromyalgia,Amitriptyline 10-20mg,,,,,,,,,,,,,,
Muller 2008,"Title: Escitalopram in the treatment of multisomatoform disorder: a double-blind, placebo-controlled trial",Placebo,,,,,,,,,,,0,0,,
Muller 2008,"Title: Escitalopram in the treatment of multisomatoform disorder: a double-blind, placebo-controlled trial",Escitalopram 10-20mg,,,,,,,,,,,4,1,,
Khoromi 2007,"Title: Morphine, nortriptyline and their combination vs. placebo in patients with chronic lumbar root pain",Benzotropine ≤1mg,,,,,,,,,,,16.4,9,,
Khoromi 2007,"Title: Morphine, nortriptyline and their combination vs. placebo in patients with chronic lumbar root pain",Morphine ≥15 and ≤90mg,,,,,,,,,,,16.4,9,,
Khoromi 2007,"Title: Morphine, nortriptyline and their combination vs. placebo in patients with chronic lumbar root pain",Nortriptyline ≥25 and ≤100mg,,,,,,,,,,,5.5,3,,
Khoromi 2007,"Title: Morphine, nortriptyline and their combination vs. placebo in patients with chronic lumbar root pain",Morphine + Nortriptyline,,,,,,,,,,,10.9,6,,
Shinichi 2016,"Title: Randomized, Double-blind, Placebo-controlled Phase III Trial of Duloxetine Monotherapy in Japanese Patients With Chronic Low Back Pain",Placebo,,,,,,,,,,,11.5,26,,
Shinichi 2016,"Title: Randomized, Double-blind, Placebo-controlled Phase III Trial of Duloxetine Monotherapy in Japanese Patients With Chronic Low Back Pain",Duloxetine 60mg,,,,,,,,,,,9.9,23,,
Vollmer 2014,"Title: A randomized, double-blind, placebo-controlled trial of duloxetine for the treatment of pain in patients with multiple sclerosis",Placebo,,,,,,,,,,,10.7,12,,
Vollmer 2014,"Title: A randomized, double-blind, placebo-controlled trial of duloxetine for the treatment of pain in patients with multiple sclerosis",Duloxetine 60mg,,,,,,,,,,,15.3,18,,
Clauw 2008,"Title: Milnacipran for the treatment of fibromyalgia in adults: a 15-week, multicenter, randomized, double-blind, placebo-controlled, multiple-dose clinical trial",Placebo,,,,,,,,,,,28.4,115,,
Clauw 2008,"Title: Milnacipran for the treatment of fibromyalgia in adults: a 15-week, multicenter, randomized, double-blind, placebo-controlled, multiple-dose clinical trial",Milnacipran 100mg,,,,,,,,,,,34.2,137,,
Clauw 2008,"Title: Milnacipran for the treatment of fibromyalgia in adults: a 15-week, multicenter, randomized, double-blind, placebo-controlled, multiple-dose clinical trial",Milnacipran 200mg,,,,,,,,,,,35.9,144,,
Bansal 2009,Title: Amitriptyline vs. pregabalin in painful diabetic neuropathy: a randomized double blind clinical trial,Pregabalin 75-300mg,,,,,,,,,,,,,,
Bansal 2009,Title: Amitriptyline vs. pregabalin in painful diabetic neuropathy: a randomized double blind clinical trial,Amitriptyline 10-50 mg,,,,,,,,,,,,,,
Aragona 2005,"Title: Randomized double-blind comparison of serotonergic (Citalopram) versus noradrenergic (Reboxetine) reuptake inhibitors in outpatients with somatoform, DSM-IV-TR pain disorder",Citalopram - 40mg,,,,,,,,,,,44.44,10,,
Aragona 2005,"Title: Randomized double-blind comparison of serotonergic (Citalopram) versus noradrenergic (Reboxetine) reuptake inhibitors in outpatients with somatoform, DSM-IV-TR pain disorder",Reboxetine - 8mg,,,,,,,,,,,23.53,4,,
Drossman 2003,Title: Cognitive-behavioral therapy versus education and desipramine versus placebo for moderate to severe functional bowel disorders,Placebo,,,,,,,,,,,22.2,16,,
Drossman 2003,Title: Cognitive-behavioral therapy versus education and desipramine versus placebo for moderate to severe functional bowel disorders,Desipramine - 150mg,,,,,,,,,,,34,49,,
Drossman 2003,Title: Cognitive-behavioral therapy versus education and desipramine versus placebo for moderate to severe functional bowel disorders,CBT,,,,,,,,,,,22.9,33,,
Drossman 2003,Title: Cognitive-behavioral therapy versus education and desipramine versus placebo for moderate to severe functional bowel disorders,EDU,,,,,,,,,,,35.2,25,,
Allen 2017,"This is STUDY 1.
A mixed-effects
model for repeated-measures (MMRM) analysis was
also conducted on change from baseline in NRS scores
in week 15, with baseline, treatment, week, site, and the
treatment-by-week interaction in the model.",Placebo,,,,,,,,,,,67.7,84,,
Allen 2017,"This is STUDY 1.
A mixed-effects
model for repeated-measures (MMRM) analysis was
also conducted on change from baseline in NRS scores
in week 15, with baseline, treatment, week, site, and the
treatment-by-week interaction in the model.",Desvenlafaxine  - 50mg,,,,,,,,,,,66,87,,
Allen 2017,"This is STUDY 1.
A mixed-effects
model for repeated-measures (MMRM) analysis was
also conducted on change from baseline in NRS scores
in week 15, with baseline, treatment, week, site, and the
treatment-by-week interaction in the model.",Desvenlafaxine  - 100mg,,,,,,,,,,,62,81,,
Allen 2017,"This is STUDY 1.
A mixed-effects
model for repeated-measures (MMRM) analysis was
also conducted on change from baseline in NRS scores
in week 15, with baseline, treatment, week, site, and the
treatment-by-week interaction in the model.",Desvenlafaxine  - 200mg,,,,,,,,,,,76,100,,
Allen 2017,"This is STUDY 1.
A mixed-effects
model for repeated-measures (MMRM) analysis was
also conducted on change from baseline in NRS scores
in week 15, with baseline, treatment, week, site, and the
treatment-by-week interaction in the model.",Desvenlafaxine  - 400mg,,,,,,,,,,,67,93,,
Vahedi 2005,Title: The effect of fluoxetine in patients with pain and constipation-predominant irritable bowel syndrome: a double-blind randomized-controlled study,Placebo,,,,,,,,,,,0,0,,
Vahedi 2005,Title: The effect of fluoxetine in patients with pain and constipation-predominant irritable bowel syndrome: a double-blind randomized-controlled study,Fluoxetine - 20mg,,,,,,,,,,,0,0,,
Nct 2010,Title: Effect of Milnacipran in Chronic Neuropathic Low Back Pain,Placebo,,,,,,,,,,,5,1,,
Nct 2010,Title: Effect of Milnacipran in Chronic Neuropathic Low Back Pain,Milnacipran - 100-200mg,,,,,,,,,,,20,4,,
Kayiran 2010,"Title: Neurofeedback intervention in fibromyalgia syndrome; a randomized, controlled, rater blind clinical trial",Neurofeedback,,,,,,,,,,,10,2,,
Kayiran 2010,"Title: Neurofeedback intervention in fibromyalgia syndrome; a randomized, controlled, rater blind clinical trial",Escitalopram - 10mg,,,,,,,,,,,10,2,,
Hussain 2011,Title: Adjuvant use of melatonin for treatment of fibromyalgia,Melatonin - 5mg + Placebo,,,,,,,,,,,,,,
Hussain 2011,Title: Adjuvant use of melatonin for treatment of fibromyalgia,Fluoxetine - 20mg + Placebo,,,,,,,,,,,,,,
Hussain 2011,Title: Adjuvant use of melatonin for treatment of fibromyalgia,Fluoxetine - 20mg + Melatonin - 3mg,,,,,,,,,,,,,,
Hussain 2011,Title: Adjuvant use of melatonin for treatment of fibromyalgia,Fluoxetine - 20mg + Melatonin - 5mg,,,,,,,,,,,,,,
Rani 1996,Title: An evaluation of antidepressants in rheumatic pain conditions,Placebo,,,,,,,,,,,0,0,,
Rani 1996,Title: An evaluation of antidepressants in rheumatic pain conditions,Fluoxetine - 20mg,,,,,,,,,,,0,0,,
Rani 1996,Title: An evaluation of antidepressants in rheumatic pain conditions,Amitriptyline - 25mg,,,,,,,,,,,0,0,,
Spinhoven 2010,Title: Heart-focused anxiety as a mediating variable in the treatment of noncardiac chest pain by cognitive-behavioral therapy and paroxetine,Placebo,,,,,,,,,,,17.4,4,,
Spinhoven 2010,Title: Heart-focused anxiety as a mediating variable in the treatment of noncardiac chest pain by cognitive-behavioral therapy and paroxetine,Paroxetine - 10-40mg,,,,,,,,,,,30.4,7,,
Spinhoven 2010,Title: Heart-focused anxiety as a mediating variable in the treatment of noncardiac chest pain by cognitive-behavioral therapy and paroxetine,CBT,,,,,,,,,,,0,0,,
vanOphoven 2004,"Title: A prospective, randomized, placebo controlled, double-blind study of amitriptyline for the treatment of interstitial cystitis",Placebo,,,,,,,,,,,4,1,,
vanOphoven 2004,"Title: A prospective, randomized, placebo controlled, double-blind study of amitriptyline for the treatment of interstitial cystitis",Amitriptyline - <100mg,,,,,,,,,,,4,1,,
Vrethem 1997,Title: A comparison of amitriptyline and maprotiline in the treatment of painful polyneuropathy in diabetics and nondiabetics,Amitriptyline 75mg (people with diabetes),,,,,,,,,,,,,,
Vrethem 1997,Title: A comparison of amitriptyline and maprotiline in the treatment of painful polyneuropathy in diabetics and nondiabetics,Amitriptyline 75mg (people without diabetes),,,,,,,,,,,,,,
Vrethem 1997,Title: A comparison of amitriptyline and maprotiline in the treatment of painful polyneuropathy in diabetics and nondiabetics,Maprotiline 75mg (people with diabetes),,,,,,,,,,,,,,
Vrethem 1997,Title: A comparison of amitriptyline and maprotiline in the treatment of painful polyneuropathy in diabetics and nondiabetics,Maprotiline 75mg (people without diabetes),,,,,,,,,,,,,,
Vrethem 1997,Title: A comparison of amitriptyline and maprotiline in the treatment of painful polyneuropathy in diabetics and nondiabetics,Placebo (people with diabetes),,,,,,,,,,,,,,
Vrethem 1997,Title: A comparison of amitriptyline and maprotiline in the treatment of painful polyneuropathy in diabetics and nondiabetics,Placebo (people without diabetes),,,,,,,,,,,,,,
Tetreault 2018,Title: Brain Connectivity Predicts Placebo Response across Chronic Pain Clinical Trials,Placebo,,,,,,,,,,,,,,
Tetreault 2018,Title: Brain Connectivity Predicts Placebo Response across Chronic Pain Clinical Trials,Duloxetine 60mg,,,,,,,,,,,,,,
SarziPuttini 1988,Title: A comparison of dothiepin versus placebo in the treatment of pain in rheumatoid arthritis and the association of pain with depression,Placebo,,,,,,,,,,,,,,
SarziPuttini 1988,Title: A comparison of dothiepin versus placebo in the treatment of pain in rheumatoid arthritis and the association of pain with depression,Dothiepin 75mg,,,,,,,,,,,,,,
Gilron 2016,Title: Combination of pregabalin with duloxetine for fibromyalgia: a randomized controlled trial,Placebo,,,,,,,,,,,2.44,1,,
Gilron 2016,Title: Combination of pregabalin with duloxetine for fibromyalgia: a randomized controlled trial,Pregabalin ≥450mg,,,,,,,,,,,2.44,1,,
Gilron 2016,Title: Combination of pregabalin with duloxetine for fibromyalgia: a randomized controlled trial,Duloxetine ≥120mg,,,,,,,,,,,6.82,3,,
Gilron 2016,Title: Combination of pregabalin with duloxetine for fibromyalgia: a randomized controlled trial,Pregabalin ≥450mg + Duloxetine ≥120mg,,,,,,,,,,,9.76,4,,
Rowbotham 2005,"Title: Treatment response in antidepressant-naïve postherpetic neuralgia patients: double-blind, randomized trial",Desipramine - 25-150mg,,,,,,,,,,,13.3,2,,
Rowbotham 2005,"Title: Treatment response in antidepressant-naïve postherpetic neuralgia patients: double-blind, randomized trial",Amitriptyline - 25-150mg,,,,,,,,,,,11.8,2,,
Rowbotham 2005,"Title: Treatment response in antidepressant-naïve postherpetic neuralgia patients: double-blind, randomized trial",Fluoxetine - 10-60mg,,,,,,,,,,,33.3,5,,
Sindrup 2003,"Title: Venlafaxine versus imipramine in painful polyneuropathy: a randomized, controlled trial.
The study was stopped before the stipulated number of patients had completed the trial, as the study drug had expired and new supplies were not available.",Placebo,,,,,,,,,,,,,,
Sindrup 2003,"Title: Venlafaxine versus imipramine in painful polyneuropathy: a randomized, controlled trial.
The study was stopped before the stipulated number of patients had completed the trial, as the study drug had expired and new supplies were not available.",Venlafaxine 250mg,,,,,,,,,,,,,,
Sindrup 2003,"Title: Venlafaxine versus imipramine in painful polyneuropathy: a randomized, controlled trial.
The study was stopped before the stipulated number of patients had completed the trial, as the study drug had expired and new supplies were not available.",Imipramine 150mg,,,,,,,,,,,,,,
Tanum 1996,Title: A new pharmacologic treatment of functional gastrointestinal disorder. A double-blind placebo-controlled study with mianserin,Placebo,,,,,,,,,,,,,,
Tanum 1996,Title: A new pharmacologic treatment of functional gastrointestinal disorder. A double-blind placebo-controlled study with mianserin,Mianserin - 120mg,,,,,,,,,,,,,,
Petzke 2013,Title: Using fMRI to evaluate the effects of milnacipran on central pain processing in patients with fibromyalgia,Placebo,,,,,,,,,,,17.4,8,,
Petzke 2013,Title: Using fMRI to evaluate the effects of milnacipran on central pain processing in patients with fibromyalgia,Milnacipran - 200mg,,,,,,,,,,,30.4,14,,
Luo 2009,Title: A randomized double-blind clinical trial on analgesic efficacy of fluoxetine for persistent somatoform pain disorder,Placebo,,,,,,,,,,,,,,
Luo 2009,Title: A randomized double-blind clinical trial on analgesic efficacy of fluoxetine for persistent somatoform pain disorder,Fluoxetine - 20mg,,,,,,,,,,,,,,
Maarrawi 2018,Title: Randomized double-blind controlled study of bedtime low-dose amitriptyline in chronic neck pain,Placebo,,,,,,,,,,,15.1,25,,
Maarrawi 2018,Title: Randomized double-blind controlled study of bedtime low-dose amitriptyline in chronic neck pain,Amitriptyline - 5mg,,,,,,,,,,,19.9,33,,
Nct 2011,Title: Milnacipran for Chronic Pain in Knee Osteoarthritis. Trial registry only - no published papers,Placebo,,,,,,,,,,,29.4,5,,
Nct 2011,Title: Milnacipran for Chronic Pain in Knee Osteoarthritis. Trial registry only - no published papers,Milnacipran - 100mg-200mg,,,,,,,,,,,10.3,3,,
Hadianfard 2012,Title: A randomized clinical trial of fibromyalgia treatment with acupuncture compared with fluoxetine,Acupuncture,,,,,,,,,,,,,,
Hadianfard 2012,Title: A randomized clinical trial of fibromyalgia treatment with acupuncture compared with fluoxetine,Fluoxetine - 20mg,,,,,,,,,,,,,,
Trugman 2014,"Title: Milnacipran effects on 24-hour ambulatory blood pressure and heart rate in fibromyalgia patients: a randomized, placebo-controlled, dose-escalation study",Placebo,,,,,,,,,,,22.5,25,,
Trugman 2014,"Title: Milnacipran effects on 24-hour ambulatory blood pressure and heart rate in fibromyalgia patients: a randomized, placebo-controlled, dose-escalation study",Milnacipran - 100-200mg,,,,,,,,,,,23.8,50,,
Pakfetrat 2019,Title: Evaluation of the effectiveness of crocin isolated from saffron in treatment of burning mouth syndrome: A randomized controlled trial,Crocin - 30mg,,,,,,,,,,,0,0,,
Pakfetrat 2019,Title: Evaluation of the effectiveness of crocin isolated from saffron in treatment of burning mouth syndrome: A randomized controlled trial,Citalopram - 20mg,,,,,,,,,,,0,0,,
Johansson 1979,Title: A double-blind controlled study of seratonin uptake inhibitor (Zimelidine) versus placebo in chronic pain patients,Placebo,,,,,,,,,,,15,3,,
Johansson 1979,Title: A double-blind controlled study of seratonin uptake inhibitor (Zimelidine) versus placebo in chronic pain patients,Zimelidine - 200mg,,,,,,,,,,,25,5,,
Wernicke 2006,Title: A randomized controlled trial of duloxetine in diabetic peripheral neuropathic pain,Placebo,,,,,,,,,,,21.3,23,,
Wernicke 2006,Title: A randomized controlled trial of duloxetine in diabetic peripheral neuropathic pain,Duloxetine 60mg,,,,,,,,,,,25.4,29,,
Wernicke 2006,Title: A randomized controlled trial of duloxetine in diabetic peripheral neuropathic pain,Duloxetine 120mg,,,,,,,,,,,30.4,34,,
Rowbotham 2004,"Title: Venlafaxine extended release in the treatment of painful diabetic neuropathy: a double-blind, placebo-controlled study",Placebo,,,,,,,,,,,14.8,12,,
Rowbotham 2004,"Title: Venlafaxine extended release in the treatment of painful diabetic neuropathy: a double-blind, placebo-controlled study",Venlafaxine - 75mg,,,,,,,,,,,15.9,13,,
Rowbotham 2004,"Title: Venlafaxine extended release in the treatment of painful diabetic neuropathy: a double-blind, placebo-controlled study",Venlafaxine - 150-225mg,,,,,,,,,,,22,18,,
Frakes 2011,"Title: Duloxetine added to oral nonsteroidal anti-inflammatory drugs for treatment of knee pain due to osteoarthritis: results of a randomized, double-blind, placebo-controlled trial",Placebo,,,,,,,,,,,23.5,61,,
Frakes 2011,"Title: Duloxetine added to oral nonsteroidal anti-inflammatory drugs for treatment of knee pain due to osteoarthritis: results of a randomized, double-blind, placebo-controlled trial",Duloxetine - 60-120mg,,,,,,,,,,,28.4,75,,
Masand 2009,"Title: A double-blind, randomized, placebo-controlled trial of paroxetine controlled-release in irritable bowel syndrome",Placebo,,,,,,,,,,,22.2,8,,
Masand 2009,"Title: A double-blind, randomized, placebo-controlled trial of paroxetine controlled-release in irritable bowel syndrome",Paroxetine-CR - 12.5-50mg,,,,,,,,,,,16.7,6,,
Keefe 2011,Title: Effects of coping skills training and sertraline in patients with non-cardiac chest pain: a randomized controlled study,Placebo,,,,,,,,,,,21.4,6,,
Keefe 2011,Title: Effects of coping skills training and sertraline in patients with non-cardiac chest pain: a randomized controlled study, Sertraline,,,,,,,,,,,16.7,5,,
Keefe 2011,Title: Effects of coping skills training and sertraline in patients with non-cardiac chest pain: a randomized controlled study,CST + placebo,,,,,,,,,,,27.6,8,,
Keefe 2011,Title: Effects of coping skills training and sertraline in patients with non-cardiac chest pain: a randomized controlled study,CST + sertraline,,,,,,,,,,,42.9,12,,
Smith 2013,"Title: Effect of duloxetine on pain, function, and quality of life among patients with chemotherapy-induced painful peripheral neuropathy: a randomized clinical trial. Role of the Sponsor: The NCI and Eli Lilly each reviewed and approved the study concept via the usual peer-review process. Minor suggestions were made by each group regarding aspects of the study design. Neither the NCI Division of Cancer Prevention nor Eli Lilly had a role in data collection or management, analysis, interpretation of the data, or with manuscript preparation, review, or approval.",Placebo,,,,,,,,,,,19,22,,
Smith 2013,"Title: Effect of duloxetine on pain, function, and quality of life among patients with chemotherapy-induced painful peripheral neuropathy: a randomized clinical trial. Role of the Sponsor: The NCI and Eli Lilly each reviewed and approved the study concept via the usual peer-review process. Minor suggestions were made by each group regarding aspects of the study design. Neither the NCI Division of Cancer Prevention nor Eli Lilly had a role in data collection or management, analysis, interpretation of the data, or with manuscript preparation, review, or approval.",Duloxetine - 60mg,,,,,,,,,,,24.4,28,,
Zakerkish 2017,Title: Comparative efficacy of duloxetine versus nortriptyline in patients with diabetic peripheral neuropathic pain: A double blind randomized controlled trial,Nortriptyline - 25-75mg,,,,,,,,,,,14.9,10,,
Zakerkish 2017,Title: Comparative efficacy of duloxetine versus nortriptyline in patients with diabetic peripheral neuropathic pain: A double blind randomized controlled trial,Duloxetine - 30-60mg,,,,,,,,,,,9,6,,
Agger 2017,"Title: Imipramine versus placebo for multiple functional somatic syndromes (STreSS-3): a double-blind, randomised study",Placebo,,,,,,,,,,,22.1,15,,
Agger 2017,"Title: Imipramine versus placebo for multiple functional somatic syndromes (STreSS-3): a double-blind, randomised study",Imipramine - 25-75mg,,,,,,,,,,,18.6,13,,
Wolfe 1994,Title: A double-blind placebo controlled trial of fluoxetine in fibromyalgia,Placebo,,,,,,,,,,,57.1,12,,
Wolfe 1994,Title: A double-blind placebo controlled trial of fluoxetine in fibromyalgia,Fluoxetine - 20mg,,,,,,,,,,,28.6,6,,
Ventafridda 1987,Title: Antidepressants for cancer pain and other painful syndromes with deafferentation component: comparison of amitriptyline and trazodone,Amitriptyline 75mg,,,,,,,,,,,18.2,4,,
Ventafridda 1987,Title: Antidepressants for cancer pain and other painful syndromes with deafferentation component: comparison of amitriptyline and trazodone,Trazodone 225mg,,,,,,,,,,,43.5,10,,
Max 1988,"Title: Amitriptyline, but not lorazepam, relieves postherpetic neuralgia",Placebo,,,,,,,,,,,,,,
Max 1988,"Title: Amitriptyline, but not lorazepam, relieves postherpetic neuralgia",Amitriptyline (12.5-150mg),,,,,,,,,,,,,,
Max 1988,"Title: Amitriptyline, but not lorazepam, relieves postherpetic neuralgia",Lorazepam (0.5-6mg),,,,,,,,,,,,,,
Katz 2005,"Title: A randomized, placebo-controlled trial of bupropion sustained release in chronic low back pain",Placebo,,,,,,,,,,,,5,,
Katz 2005,"Title: A randomized, placebo-controlled trial of bupropion sustained release in chronic low back pain",Bupropion SR,,,,,,,,,,,,9,,
Jose 2007,Title: Randomized double-blind study comparing the efficacy and safety of lamotrigine and amitriptyline in painful diabetic neuropathy,Lamotrigine 50-200mg,,,,,,,,,,,0,0,,
Jose 2007,Title: Randomized double-blind study comparing the efficacy and safety of lamotrigine and amitriptyline in painful diabetic neuropathy,Amitriptyline 10-50mg,,,,,,,,,,,13.2,7,,
Kaur 2011,"Title: A comparative evaluation of amitriptyline and duloxetine in painful diabetic neuropathy: a randomized, double-blind, cross-over clinical trial",Amitriptyline 10-50mg,,,,,,,,,,,,,,
Kaur 2011,"Title: A comparative evaluation of amitriptyline and duloxetine in painful diabetic neuropathy: a randomized, double-blind, cross-over clinical trial",Duloxetine 20-60mg,,,,,,,,,,,,,,
Holbech 2015,Title: Imipramine and pregabalin combination for painful polyneuropathy: a randomized controlled trial,Placebo,,,,,,,,,,,6.85,5,,
Holbech 2015,Title: Imipramine and pregabalin combination for painful polyneuropathy: a randomized controlled trial,Pregabalin - 300mg,,,,,,,,,,,6.85,5,,
Holbech 2015,Title: Imipramine and pregabalin combination for painful polyneuropathy: a randomized controlled trial,Imipramine - 25-75mg,,,,,,,,,,,5.48,4,,
Holbech 2015,Title: Imipramine and pregabalin combination for painful polyneuropathy: a randomized controlled trial,Combination,,,,,,,,,,,13.04,9,,
Sindrup 1990,Title: The selective serotonin reuptake inhibitor paroxetine is effective in the treatment of diabetic neuropathy symptoms,Placebo,,,,,,,,,,,,,,
Sindrup 1990,Title: The selective serotonin reuptake inhibitor paroxetine is effective in the treatment of diabetic neuropathy symptoms,Paroxetine,,,,,,,,,,,,,,
Sindrup 1990,Title: The selective serotonin reuptake inhibitor paroxetine is effective in the treatment of diabetic neuropathy symptoms,Imipramine,,,,,,,,,,,,,,
Hameroff 1984,Title: Doxepin's effects on chronic pain and depression: a controlled study,Placebo,,,,,,,,,,,20,6,,
Hameroff 1984,Title: Doxepin's effects on chronic pain and depression: a controlled study,Doxepin ≤300mg,,,,,,,,,,,10,3,,
Jia 2006,"Title: Effects of venlafaxine and carbamazepine for painful peripheral diabetic neuropathy: A randomized, double-blind and double-dummy, controlled multi-center trial",Venlafaxine 50mg,,,,,,,,,,,9.1,6,,
Jia 2006,"Title: Effects of venlafaxine and carbamazepine for painful peripheral diabetic neuropathy: A randomized, double-blind and double-dummy, controlled multi-center trial",Carbamazepine 0.2mg,,,,,,,,,,,10.6,7,,
Pirbudak 2003,Title: Epidural corticosteroid injection and amitriptyline for the treatment of chronic low back pain associated with radiculopathy,Epidural injection + placebo,,,,,,,,,,,0,0,,
Pirbudak 2003,Title: Epidural corticosteroid injection and amitriptyline for the treatment of chronic low back pain associated with radiculopathy,Epidural injection + amitriptyline (10-50mg),,,,,,,,,,,0,0,,
Ginsberg 1996,Title: A randomized placebo-controlled trial of sustained-release amitriptyline in primary fibromyalgia,Placebo,,,,,,,,,,,,3,,
Ginsberg 1996,Title: A randomized placebo-controlled trial of sustained-release amitriptyline in primary fibromyalgia,Amitriptyline 25mg,,,,,,,,,,,,2,,
Isomeri 1993,Title: Effects of amitriptyline and cardiovascular fitness training on pain in patients with primary fibromyalgia,Physiotherapy and amitriptyline 25mg (A),,,,,,,,,,,5.89,1,,
Isomeri 1993,Title: Effects of amitriptyline and cardiovascular fitness training on pain in patients with primary fibromyalgia,Physical fitness training only (B),,,,,,,,,,,11.76,2,,
Isomeri 1993,Title: Effects of amitriptyline and cardiovascular fitness training on pain in patients with primary fibromyalgia,Physical fitness training and amitriptyline 25mg (C),,,,,,,,,,,17.65,3,,
Grace 1985,"Title: Controlled, double-blind, randomized trial of amitriptyline in relieving articular pain and tenderness in patients with rheumatoid arthritis",Placebo,,,,,,,,,,,22.2,4,,
Grace 1985,"Title: Controlled, double-blind, randomized trial of amitriptyline in relieving articular pain and tenderness in patients with rheumatoid arthritis",Amitriptyline 50-75mg,,,,,,,,,,,22.2,4,,
Heymann 2001,"Title: A double-blind, randomized, controlled study of amitriptyline, nortriptyline and placebo in patients with fibromyalgia. An analysis of outcome measures",Amitriptyline 25mg,,,,,,,,,,,7.5,3,,
Heymann 2001,"Title: A double-blind, randomized, controlled study of amitriptyline, nortriptyline and placebo in patients with fibromyalgia. An analysis of outcome measures",Nortriptyline 25mg,,,,,,,,,,,5.3,2,,
Heymann 2001,"Title: A double-blind, randomized, controlled study of amitriptyline, nortriptyline and placebo in patients with fibromyalgia. An analysis of outcome measures",Placebo,,,,,,,,,,,17.5,7,,
Creed 2003,Title: Psychodynamic interpersonal therapy and improvement in interpersonal difficulties in people with severe irritable bowel syndrome,Psychotherapy,22,13,,,,,,,,,31,26,,
Creed 2003,Title: Psychodynamic interpersonal therapy and improvement in interpersonal difficulties in people with severe irritable bowel syndrome,Paroxetine 20mg,30.2,13,,,,,,,,,50,43,,
Creed 2003,Title: Psychodynamic interpersonal therapy and improvement in interpersonal difficulties in people with severe irritable bowel syndrome,Usual treatment,11.4,9,,,,,,,,,8.1,7,,
Russell 2008,"Title: Efficacy and safety of duloxetine for treatment of fibromyalgia in patients with or without major depressive disorder: Results from a 6-month, randomized, double-blind, placebo-controlled, fixed-dose trial",Placebo,,,,,41.67,60,,,,,,,14.3,12
Russell 2008,"Title: Efficacy and safety of duloxetine for treatment of fibromyalgia in patients with or without major depressive disorder: Results from a 6-month, randomized, double-blind, placebo-controlled, fixed-dose trial",Duloxetine - 20 then 60mg,,,,,37.97,30,,,,,,,10.2,5
Russell 2008,"Title: Efficacy and safety of duloxetine for treatment of fibromyalgia in patients with or without major depressive disorder: Results from a 6-month, randomized, double-blind, placebo-controlled, fixed-dose trial",Duloxetine - 60mg,,,,,35.34,53,,,,,,,15.5,15
Russell 2008,"Title: Efficacy and safety of duloxetine for treatment of fibromyalgia in patients with or without major depressive disorder: Results from a 6-month, randomized, double-blind, placebo-controlled, fixed-dose trial",Duloxetine - 120mg,,,,,35.37,52,,,,,,,16.8,16
Urquhart 2018,Title: Efficacy of Low-Dose Amitriptyline for Chronic Low Back Pain: A Randomized Clinical Trial,Benzotropine mesylate 1mg,,,,,,,,,,,20.3,15,,
Urquhart 2018,Title: Efficacy of Low-Dose Amitriptyline for Chronic Low Back Pain: A Randomized Clinical Trial,Amitriptyline 25mg,,,,,,,,,,,20.8,13,,
Hannonen 1998,"Title: A randomized, double-blind, placebo-controlled study of moclobemide and amitriptyline in the treatment of fibromyalgia in females without psychiatric disorder",Moclobemide 450mg,,,,,,,,,,,30.2,13,,
Hannonen 1998,"Title: A randomized, double-blind, placebo-controlled study of moclobemide and amitriptyline in the treatment of fibromyalgia in females without psychiatric disorder",Amitriptyline 25mg,,,,,,,,,,,23.8,10,,
Hannonen 1998,"Title: A randomized, double-blind, placebo-controlled study of moclobemide and amitriptyline in the treatment of fibromyalgia in females without psychiatric disorder",Placebo,,,,,,,,,,,33.3,15,,
Kim 2013,"Title: Effects of milnacipran on neurocognition, pain, and fatigue in fibromyalgia: A 13-week, randomized, placebo-controlled, crossover trial",Placebo,,,,,,,,,,,,,,
Kim 2013,"Title: Effects of milnacipran on neurocognition, pain, and fatigue in fibromyalgia: A 13-week, randomized, placebo-controlled, crossover trial",Milnacipran (12.5 - 200mg),,,,,,,,,,,,,,
Schukro 2016,"Title: Efficacy of Duloxetine in Chronic Low Back Pain with a Neuropathic Component: A Randomized, Double-blind, Placebo-controlled Crossover Trial",Placebo,,,,,,,,,,,17.6,6,,
Schukro 2016,"Title: Efficacy of Duloxetine in Chronic Low Back Pain with a Neuropathic Component: A Randomized, Double-blind, Placebo-controlled Crossover Trial",Duloxetine ≤120mg,,,,,,,,,,,17.6,6,,
Raskin 2005,"Title: A double-blind, randomized multicenter trial comparing duloxetine with placebo in the management of diabetic peripheral neuropathic pain",Placebo,,,,,,,,,,,14,16,,
Raskin 2005,"Title: A double-blind, randomized multicenter trial comparing duloxetine with placebo in the management of diabetic peripheral neuropathic pain",Duloxetine 60mg (60mgQD),,,,,,,,,,,13,15,,
Raskin 2005,"Title: A double-blind, randomized multicenter trial comparing duloxetine with placebo in the management of diabetic peripheral neuropathic pain",Duloxetine 120mg (60mgBID),,,,,,,,,,,18,21,,
Norregaard 1995,Title: A randomized controlled trial of citalopram in the treatment of fibromyalgia,Placebo,,,,,,,,,,,,,,
Norregaard 1995,Title: A randomized controlled trial of citalopram in the treatment of fibromyalgia,Citalopram - 20-40mg,,,,,,,,,,,,,,
Calderon 2011,Title: Effectiveness of cognitive-behavioral therapy and amitriptyline in patients with chronic temporomandibular disorders-a pilot study,Placebo only,,,,,,,,,,,15.4,2,,
Calderon 2011,Title: Effectiveness of cognitive-behavioral therapy and amitriptyline in patients with chronic temporomandibular disorders-a pilot study,Placebo and CBT,,,,,,,,,,,18.2,2,,
Calderon 2011,Title: Effectiveness of cognitive-behavioral therapy and amitriptyline in patients with chronic temporomandibular disorders-a pilot study,Amitriptyline - 25mg,,,,,,,,,,,18.2,2,,
Calderon 2011,Title: Effectiveness of cognitive-behavioral therapy and amitriptyline in patients with chronic temporomandibular disorders-a pilot study,Amitriptyline - 25mg and CBT,,,,,,,,,,,33.3,4,,
Leijon 1989,Title: Central post-stroke pain - A controlled trial of amitriptyline and carbamazepine,Placebo,,,,,,,,,,,0,0,,
Leijon 1989,Title: Central post-stroke pain - A controlled trial of amitriptyline and carbamazepine,Amitriptyline 75mg,,,,,,,,,,,0,0,,
Leijon 1989,Title: Central post-stroke pain - A controlled trial of amitriptyline and carbamazepine,Carbamazepine 800mg,,,,,,,,,,,6.67,1,,
Shakiba 2018,Title: Saffron (Crocus sativus) versus duloxetine for treatment of patients with fibromyalgia: A randomized double-blind clinical trial,Saffron 15mg,,,,,,,,,,,14.8,4,,
Shakiba 2018,Title: Saffron (Crocus sativus) versus duloxetine for treatment of patients with fibromyalgia: A randomized double-blind clinical trial,Duloxetine 30mg,,,,,,,,,,,14.8,4,,
Yeephu 2013,Title: Efficacy and safety of mirtazapine in fibromyalgia syndrome patients: a randomized placebo-controlled pilot study,Placebo,,,,,,,,,,,23.08,3,,
Yeephu 2013,Title: Efficacy and safety of mirtazapine in fibromyalgia syndrome patients: a randomized placebo-controlled pilot study,Mirtazapine 15mg,,,,,,,,,,,15.38,2,,
Yeephu 2013,Title: Efficacy and safety of mirtazapine in fibromyalgia syndrome patients: a randomized placebo-controlled pilot study,Mirtazapine 30mg,,,,,,,,,,,21.43,3,,
Suttiruksa 2016,"Title: Effects of mirtazapine on quality of life of Thai patients with fibromyalgia syndrome: A double-blind, randomized, placebo-controlled trial",Placebo,,,,,,,,,,,23,3,,
Suttiruksa 2016,"Title: Effects of mirtazapine on quality of life of Thai patients with fibromyalgia syndrome: A double-blind, randomized, placebo-controlled trial",Mirtazapine 15mg,,,,,,,,,,,15,2,,
Suttiruksa 2016,"Title: Effects of mirtazapine on quality of life of Thai patients with fibromyalgia syndrome: A double-blind, randomized, placebo-controlled trial",Mirtazapine 30mg,,,,,,,,,,,21,3,,
Goldstein 2005,Title: Duloxetine vs. placebo in patients with painful diabetic neuropathy,Placebo,,,,,,,,,,,24.3,28,,
Goldstein 2005,Title: Duloxetine vs. placebo in patients with painful diabetic neuropathy,Duloxetine 20mg,,,,,,,,,,,20.9,24,,
Goldstein 2005,Title: Duloxetine vs. placebo in patients with painful diabetic neuropathy,Duloxetine 60mg,,,,,,,,,,,24.6,28,,
Goldstein 2005,Title: Duloxetine vs. placebo in patients with painful diabetic neuropathy,Duloxetine 120mg,,,,,,,,,,,29.2,33,,
Murakami 2015,"Title: A randomized, double-blind, placebo-controlled phase III trial of duloxetine in Japanese fibromyalgia patients",Placebo,,,,,,,,,,,24.4,48,,
Murakami 2015,"Title: A randomized, double-blind, placebo-controlled phase III trial of duloxetine in Japanese fibromyalgia patients",Duloxetine - 60mg,,,,,,,,,,,15.3,30,,
Patkar 2007,"Title: A randomized, controlled, trial of controlled release paroxetine in fibromyalgia",Placebo,,,,,,,,,,,17.4,10,,
Patkar 2007,"Title: A randomized, controlled, trial of controlled release paroxetine in fibromyalgia",Paroxetine CR (12.5-62.5mg),,,,,,,,,,,34.4,20,,
Robinson 2004,Title: Trial of amitriptyline for relief of pain in amputees: results of a randomized controlled study,Benztropine mesylate (Active placebo),,,,,,,,,,,0,0,,
Robinson 2004,Title: Trial of amitriptyline for relief of pain in amputees: results of a randomized controlled study,Amitriptyline ≤125mg,,,,,,,,,,,10,2,,
Forssell 2004,Title: Venlafaxine in the treatment of atypical facial pain: a randomized controlled trial,Venlafaxine 37.5 - 75mg,,,,,,,,,,,,6,,
Forssell 2004,Title: Venlafaxine in the treatment of atypical facial pain: a randomized controlled trial,Placebo,,,,,,,,,,,,2,,
Joharchi 2019,"Title: Efficacy and safety of duloxetine and Pregabalin in Iranian patients with diabetic peripheral neuropathic pain: a double-blind, randomized clinical trial",Duloxetine 30-60mg,,,,,,,,,,,26.7,24,,
Joharchi 2019,"Title: Efficacy and safety of duloxetine and Pregabalin in Iranian patients with diabetic peripheral neuropathic pain: a double-blind, randomized clinical trial",Pregabalin 150-300mg,,,,,,,,,,,13.3,12,,
Yucel 2005,"Title: The effect of venlafaxine on ongoing and experimentally induced pain in neuropathic pain patients: a double blind, placebo controlled study",Placebo,,,,,,,,,,,5,1,,
Yucel 2005,"Title: The effect of venlafaxine on ongoing and experimentally induced pain in neuropathic pain patients: a double blind, placebo controlled study",Venlafaxine 75mg,,,,,,,,,,,5,1,,
Yucel 2005,"Title: The effect of venlafaxine on ongoing and experimentally induced pain in neuropathic pain patients: a double blind, placebo controlled study",Venlafaxine 150mg,,,,,,,,,,,15,3,,
Tasmuth 2002,Title: Venlafaxine in neuropathic pain following treatment of breast cancer,Placebo,,,,,,,,,,,,,,
Tasmuth 2002,Title: Venlafaxine in neuropathic pain following treatment of breast cancer,Venlafaxine 37.5 mg,,,,,,,,,,,,,,
Tasmuth 2002,Title: Venlafaxine in neuropathic pain following treatment of breast cancer,Placebo 2,,,,,,,,,,,,,,
Tasmuth 2002,Title: Venlafaxine in neuropathic pain following treatment of breast cancer,Venlafaxine 75mg,,,,,,,,,,,,,,
Vranken 2011,"Title: Duloxetine in patients with central neuropathic pain caused by spinal cord injury or stroke: a randomized, double-blind, placebo-controlled trial",Placebo,,,,,,,,,,,4.2,1,,
Vranken 2011,"Title: Duloxetine in patients with central neuropathic pain caused by spinal cord injury or stroke: a randomized, double-blind, placebo-controlled trial",Duloxetine (60-120mg),,,,,,,,,,,12.5,3,,
Staud 2015,Title: Effects of milnacipran on clinical pain and hyperalgesia of patients with fibromyalgia: results of a 6-week randomized controlled trial,Placebo,,,,,,,,,,,21.7,5,,
Staud 2015,Title: Effects of milnacipran on clinical pain and hyperalgesia of patients with fibromyalgia: results of a 6-week randomized controlled trial,Milnacipran 100mg,,,,,,,,,,,26.1,6,,
Lee 2016,Title: Effect of Milnacipran on Pain in Patients with Rheumatoid Arthritis with Widespread Pain: A Randomized Blinded Crossover Trial,Placebo,,,,,,,,,,,,,,
Lee 2016,Title: Effect of Milnacipran on Pain in Patients with Rheumatoid Arthritis with Widespread Pain: A Randomized Blinded Crossover Trial,Milnacipran 100mg,,,,,,,,,,,,,,
Mease 2009,"Title: The efficacy and safety or milnacipran for treatment of fibromyalgia. A randomized, double-blind, placebo-controlled trial. No protocol.",Placebo,,,,,,,,,,,35,78,,
Mease 2009,"Title: The efficacy and safety or milnacipran for treatment of fibromyalgia. A randomized, double-blind, placebo-controlled trial. No protocol.",Milnacipran 100mg,,,,,,,,,,,42.9,96,,
Mease 2009,"Title: The efficacy and safety or milnacipran for treatment of fibromyalgia. A randomized, double-blind, placebo-controlled trial. No protocol.",Milnacipran 200mg,,,,,,,,,,,45.8,202,,
Razazian 2014,"Title: Evaluation of the efficacy and safety of pregabalin, venlafaxine, and carbamazepine in patients with painful diabetic peripheral neuropathy. A randomized, double-blind trial",Carbamazepine 400mg/day,,,,,,,,,,,8.2,7,,
Razazian 2014,"Title: Evaluation of the efficacy and safety of pregabalin, venlafaxine, and carbamazepine in patients with painful diabetic peripheral neuropathy. A randomized, double-blind trial",Pregabalin 150mg/day,,,,,,,,,,,10.5,9,,
Razazian 2014,"Title: Evaluation of the efficacy and safety of pregabalin, venlafaxine, and carbamazepine in patients with painful diabetic peripheral neuropathy. A randomized, double-blind trial",Venlafaxine 150mg/day,,,,,,,,,,,19.8,17,,
Natelson 2015,"Title: Effect of Milnacipran Treatment on Ventricular Lactate in Fibromyalgia: A Randomized, Double-Blind, Placebo-Controlled Trial",Placebo,,,,,,,,,,,23.5,4,,
Natelson 2015,"Title: Effect of Milnacipran Treatment on Ventricular Lactate in Fibromyalgia: A Randomized, Double-Blind, Placebo-Controlled Trial",Milnacipran 100mg,,,,,,,,,,,23.5,4,,
Majdinasab 2019,Title: A comparative double-blind randomized study on the effectiveness of Duloxetine and Gabapentin on painful diabetic peripheral polyneuropathy,Gabapentin - 300-900mg,,,,,,,,,,,17.3,11,,
Majdinasab 2019,Title: A comparative double-blind randomized study on the effectiveness of Duloxetine and Gabapentin on painful diabetic peripheral polyneuropathy,Duloxetine - 30-60mg,,,,,,,,,,,9.61,5,,
Gilron 2015,Title: Combination of morphine with nortriptyline for neuropathic pain,Morphine,,,,,,,,,,,17.3,9,,
Gilron 2015,Title: Combination of morphine with nortriptyline for neuropathic pain,Nortriptyline,,,,,,,,,,,3.8,2,,
Gilron 2015,Title: Combination of morphine with nortriptyline for neuropathic pain,Nortriptyline + Morphine,,,,,,,,,,,13.5,7,,
Gao 2010,Title: Duloxetine versus placebo in the treatment of patients with diabetic neuropathic pain in China,Placebo,,,,,,,,,,,15.6,17,,
Gao 2010,Title: Duloxetine versus placebo in the treatment of patients with diabetic neuropathic pain in China,Duloxetine - 60-120mg,,,,,,,,,,,17.9,19,,
Skljarevski 2010,"Title: Maintenance of effect of duloxetine in patients with chronic low back pain: a 41-week uncontrolled, dose-blinded study",Placebo,,,,,,,,,,,19,23,,
Skljarevski 2010,"Title: Maintenance of effect of duloxetine in patients with chronic low back pain: a 41-week uncontrolled, dose-blinded study",Duloxetine - 60-120mg,,,,,,,,,,,27,31,,
Matthey 2013,"Title: Dual reuptake inhibitor milnacipran and spinal pain pathways in fibromyalgia patients: a randomized, double-blind, placebo-controlled trial",Placebo,,,,,,,,,,,,,,
Matthey 2013,"Title: Dual reuptake inhibitor milnacipran and spinal pain pathways in fibromyalgia patients: a randomized, double-blind, placebo-controlled trial",Milnacipran - 100-200mg,,,,,,,,,,,,,,
Gilron 2009,"Title: Nortriptyline and gabapentin, alone and in combination for neuropathic pain: a double-blind, randomised controlled crossover trial",Gabapentin,,,,,,,,,,,14.3,8,,
Gilron 2009,"Title: Nortriptyline and gabapentin, alone and in combination for neuropathic pain: a double-blind, randomised controlled crossover trial",Nortriptyline,,,,,,,,,,,1.8,1,,
Gilron 2009,"Title: Nortriptyline and gabapentin, alone and in combination for neuropathic pain: a double-blind, randomised controlled crossover trial",Gabapentin + Nortriptyline,,,,,,,,,,,3.6,2,,
Yasuda 2011,Title: Superiority of duloxetine to placebo in improving diabetic neuropathic pain: Results of a randomized controlled trial in Japan,Placebo,,,,,,,,,,,10.2,17,,
Yasuda 2011,Title: Superiority of duloxetine to placebo in improving diabetic neuropathic pain: Results of a randomized controlled trial in Japan,Duloxetine - 40mg,,,,,,,,,,,15.1,13,,
Yasuda 2011,Title: Superiority of duloxetine to placebo in improving diabetic neuropathic pain: Results of a randomized controlled trial in Japan,Duloxetine - 60mg,,,,,,,,,,,18.6,,,
Skljarevski 2010,"Title: Duloxetine versus placebo in patients with chronic low back pain: a 12-week, fixed-dose, randomized, double-blind trial. Brazil listed as one of the countries with 2 sites in the protocol but not listed in the study.",Placebo,,,,,,,,,,,23.2,47,,
Skljarevski 2010,"Title: Duloxetine versus placebo in patients with chronic low back pain: a 12-week, fixed-dose, randomized, double-blind trial. Brazil listed as one of the countries with 2 sites in the protocol but not listed in the study.",Duloxetine 60mg,,,,,,,,,,,25.8,51,,
Wang 2017,"Title: Efficacy and safety of duloxetine in Chinese patients with chronic pain due to osteoarthritis: a randomized, double-blind, placebo-controlled study",Placebo,,,,,,,,,,,12.9,26,,
Wang 2017,"Title: Efficacy and safety of duloxetine in Chinese patients with chronic pain due to osteoarthritis: a randomized, double-blind, placebo-controlled study",Duloxetine - 60mg,,,,,,,,,,,19,39,,
Iwaki 2020,"Title: A double-blind, randomized controlled trial of duloxetine for pain in Parkinson's disease",Placebo,,,,,,,,,,,8.7,2,,
Iwaki 2020,"Title: A double-blind, randomized controlled trial of duloxetine for pain in Parkinson's disease",Duloxetine - 40mg,,,,,,,,,,,30.4,7,,
Sofat 2016,Title: Pregabalin is more effective in treating hand osteoarthritis pain than duloxetine or placebo: A double-blind randomized controlled trial,Placebo,,,,,,,,,,,13.6,3,,
Sofat 2016,Title: Pregabalin is more effective in treating hand osteoarthritis pain than duloxetine or placebo: A double-blind randomized controlled trial,Pregabalin 300mg,,,,,,,,,,,22.7,5,,
Sofat 2016,Title: Pregabalin is more effective in treating hand osteoarthritis pain than duloxetine or placebo: A double-blind randomized controlled trial,Duloxetine 60mg,,,,,,,,,,,23.8,5,,
Bird 2000,"Title: Paroxetine versus amitriptyline for treatment of depression associated with rheumatoid arthritis: a randomized, double blind, parallel group study",Paroxetine 20-40mg,,,,,,,,,,,19,18,,
Bird 2000,"Title: Paroxetine versus amitriptyline for treatment of depression associated with rheumatoid arthritis: a randomized, double blind, parallel group study",Amitriptyline 75-150mg,,,,,,,,,,,20,19,,
Lipone 2020,Title: Efficacy and Safety of Low Doses of Trazodone in Patients Affected by Painful Diabetic Neuropathy and Treated with Gabapentin: A Randomized Controlled Pilot Study,Placebo + Gabapentin - 2400mg,,,,,,,,,,,27.1,13,,
Lipone 2020,Title: Efficacy and Safety of Low Doses of Trazodone in Patients Affected by Painful Diabetic Neuropathy and Treated with Gabapentin: A Randomized Controlled Pilot Study,Trazodone - 30mg + Gabapentin - 2400mg,,,,,,,,,,,19.6,10,,
Lipone 2020,Title: Efficacy and Safety of Low Doses of Trazodone in Patients Affected by Painful Diabetic Neuropathy and Treated with Gabapentin: A Randomized Controlled Pilot Study,Trazodone - 60mg + Gabapentin - 2400mg,,,,,,,,,,,29.4,15,,
Foster 2010,Title: Oral desipramine and topical lidocaine for vulvodynia: a randomized controlled trial,Placebo,,,,,,,,,,,6.1,2,,
Foster 2010,Title: Oral desipramine and topical lidocaine for vulvodynia: a randomized controlled trial,Lidocaine-Placebo,,,,,,,,,,,15.2,5,,
Foster 2010,Title: Oral desipramine and topical lidocaine for vulvodynia: a randomized controlled trial,Desipramine-Placebo,,,,,,,,,,,18.2,6,,
Foster 2010,Title: Oral desipramine and topical lidocaine for vulvodynia: a randomized controlled trial,Desipramine-Lidocaine,,,,,,,,,,,23.5,8,,
Gao 2015,Title: Treatment of patients with diabetic peripheral neuropathic pain in China: a double-blind randomised trial of duloxetine vs. placebo,Placebo,,,,,,,,,,,12.9,26,,
Gao 2015,Title: Treatment of patients with diabetic peripheral neuropathic pain in China: a double-blind randomised trial of duloxetine vs. placebo,Duloxetine 60mg,,,,,,,,,,,14.8,30,,
Otto 2008,"Title: Escitalopram in painful polyneuropathy: a randomized, placebo-controlled, cross-over trial",Placebo,,,,,,,,,,,8.5,4,,
Otto 2008,"Title: Escitalopram in painful polyneuropathy: a randomized, placebo-controlled, cross-over trial",Escitalopram - 20mg,,,,,,,,,,,12.8,6,,
Enteshari-Moghaddam 2019,Title: Efficacy of duloxetine and gabapentin in pain reduction in patients with knee osteoarthritis,Acetaminophen - 2000mg,,,,,,,,,,,0,0,,
Enteshari-Moghaddam 2019,Title: Efficacy of duloxetine and gabapentin in pain reduction in patients with knee osteoarthritis,Duloxetine - 60mg,,,,,,,,,,,0,0,,
Enteshari-Moghaddam 2019,Title: Efficacy of duloxetine and gabapentin in pain reduction in patients with knee osteoarthritis,Gabapentin - 600mg,,,,,,,,,,,0,0,,
Loldrup 1989,Title: Clomipramine and mianserin in chronic idiopathic pain syndrome. A placebo controlled study,Placebo,,,,,,,,,,,,,,
Loldrup 1989,Title: Clomipramine and mianserin in chronic idiopathic pain syndrome. A placebo controlled study,Clomipramine (75-150mg),,,,,,,,,,,,,,
Loldrup 1989,Title: Clomipramine and mianserin in chronic idiopathic pain syndrome. A placebo controlled study,Mianserin (30-60mg),,,,,,,,,,,,,,
Nct 2006,"Title: Randomized, placebo-controlled comparison of amitriptyline, duloxetine, and pregabalin in patients with chronic diabetic peripheral neuropathic pain: impact on pain, polysomnographic sleep, daytime functioning, and quality of life",Pregabalin,,,12.5,3,,,9.5,2,,,20.8,5,,
Nct 2006,"Title: Randomized, placebo-controlled comparison of amitriptyline, duloxetine, and pregabalin in patients with chronic diabetic peripheral neuropathic pain: impact on pain, polysomnographic sleep, daytime functioning, and quality of life",Amitriptyline,,,11.1,3,,,4.1,1,,,14.8,4,,
Nct 2006,"Title: Randomized, placebo-controlled comparison of amitriptyline, duloxetine, and pregabalin in patients with chronic diabetic peripheral neuropathic pain: impact on pain, polysomnographic sleep, daytime functioning, and quality of life",Duloxetine,,,0,0,,,0,0,,,0,0,,
Atkinson 1999,Title: Effects of noradrenergic and serotonergic antidepressants on chronic low back pain intensity,Maprotiline (50-150mg),,,,,,,,,,,,,,
Atkinson 1999,Title: Effects of noradrenergic and serotonergic antidepressants on chronic low back pain intensity,Paroxetine (10-30mg),,,,,,,,,,,,,,
Atkinson 1999,Title: Effects of noradrenergic and serotonergic antidepressants on chronic low back pain intensity,Diphenhydramine (active placebo),,,,,,,,,,,,,,
Foster 2010,Title: Effect of amitriptyline on symptoms in treatment naïve patients with interstitial cystitis/painful bladder syndrome,Placebo,,,,,,,,,,,12.5,17,,
Foster 2010,Title: Effect of amitriptyline on symptoms in treatment naïve patients with interstitial cystitis/painful bladder syndrome,Amitriptyline 25-75mg,,,,,,,,,,,17,23,,
Chappell 2008,"Title: A six-month double-blind, placebo-controlled, randomized clinical trial of duloxetine for the treatment of fibromyalgia. Trial was conducted in 36 study centers in Germany, Spain, Sweden, the United Kingdom, and the United States.",Placebo,,,,,,,,,,,38.7,65,,
Chappell 2008,"Title: A six-month double-blind, placebo-controlled, randomized clinical trial of duloxetine for the treatment of fibromyalgia. Trial was conducted in 36 study centers in Germany, Spain, Sweden, the United Kingdom, and the United States.",Duloxetine 60-120mg),,,,,,,,,,,37.7,61,,
Tesfaye 2013,"Title: Duloxetine and pregabalin: High-dose monotherapy or their combination? the ""COMBO-DN study"" - A multinational, randomized, double-blind, parallel-group study in patients with diabetic peripheral neuropathic pain",Pregabalin,,,,,,,,,,,17.4,70,,
Tesfaye 2013,"Title: Duloxetine and pregabalin: High-dose monotherapy or their combination? the ""COMBO-DN study"" - A multinational, randomized, double-blind, parallel-group study in patients with diabetic peripheral neuropathic pain",Duloxetine 60mg,,,,,,,,,,,17,65,,
Engel 1998,"Title: A randomized, double-blind crossover trial of sertraline in women with chronic pelvic pain",Placebo,,,,,,,,,,,,,,
Engel 1998,"Title: A randomized, double-blind crossover trial of sertraline in women with chronic pelvic pain",Sertraline,,,,,,,,,,,,,,
Chappell 2009,Title: A 1-year safety and efficacy study of duloxetine in patients with fibromyalgia,Duloxetine 60mg,,,,,,,,,,,31.7,33,,
Chappell 2009,Title: A 1-year safety and efficacy study of duloxetine in patients with fibromyalgia,Duloxetine 120mg,,,,,,,,,,,38.9,79,,
Uchio 2018,"Title: A randomized, double-blind, placebo-controlled phase III trial of duloxetine in Japanese patients with knee pain due to osteoarthritis",Placebo,,,,,,,,,,,7.95,14,,
Uchio 2018,"Title: A randomized, double-blind, placebo-controlled phase III trial of duloxetine in Japanese patients with knee pain due to osteoarthritis",Duloxetine 60mg,,,,,,,,,,,9.6,17,,
Nct 2015,"Title: Duloxetine in patients with diabetic peripheral neuropathic pain in Japan: A randomized, double-blind, noninferiority comparative study with pregabalin",Pregabalin - 300–600 mg,,,,,,,,,,,13.9,21,,
Nct 2015,"Title: Duloxetine in patients with diabetic peripheral neuropathic pain in Japan: A randomized, double-blind, noninferiority comparative study with pregabalin",Duloxetine - 40–60 mg,,,,,,,,,,,9.9,15,,
deZanette 2014,"Title: Melatonin analgesia is associated with improvement of the descending endogenous pain-modulating system in fibromyalgia: a phase II, randomized, double-dummy, controlled trial",Melatonin 10mg,,,,,,,,,,,9.5,2,,
deZanette 2014,"Title: Melatonin analgesia is associated with improvement of the descending endogenous pain-modulating system in fibromyalgia: a phase II, randomized, double-dummy, controlled trial",Amitriptyline 25mg,,,,,,,,,,,9.5,2,,
deZanette 2014,"Title: Melatonin analgesia is associated with improvement of the descending endogenous pain-modulating system in fibromyalgia: a phase II, randomized, double-dummy, controlled trial",Melatonin 10mg + Amitriptyline 25mg,,,,,,,,,,,9.5,2,,
Chappell 2011,"Title: A double-blind, randomized, placebo-controlled study of the efficacy and safety of duloxetine for the treatment of chronic pain due to osteoarthritis of the knee",Placebo,,,,,,,,,,,,,,
Chappell 2011,"Title: A double-blind, randomized, placebo-controlled study of the efficacy and safety of duloxetine for the treatment of chronic pain due to osteoarthritis of the knee",Duloxetine (60-120mg),,,,,,,,,,,,,,
Chappell 2009,"Title: Duloxetine, a centrally acting analgesic, in the treatment of patients with osteoarthritis knee pain: a 13-week, randomized, placebo-controlled trial",Placebo,,,,,,,,,,,20,24,,
Chappell 2009,"Title: Duloxetine, a centrally acting analgesic, in the treatment of patients with osteoarthritis knee pain: a 13-week, randomized, placebo-controlled trial",Duloxetine 60-120mg,,,,,,,,,,,30.6,34,,
Carette 1986,"Title: Evaluation of amitriptyline in primary fibrositis. A double-blind, placebo-controlled study",Placebo,,,,,,,,,,,11.11,4,,
Carette 1986,"Title: Evaluation of amitriptyline in primary fibrositis. A double-blind, placebo-controlled study",Amitriptyline - 10-50mg,,,,,,,,,,,20.6,7,,
Arnold 2012,"Title: Efficacy and safety of duloxetine 30 mg/d in patients with fibromyalgia: a randomized, double-blind, placebo-controlled study",Placebo,,,,,,,,,,,28.2,31,,
Arnold 2012,"Title: Efficacy and safety of duloxetine 30 mg/d in patients with fibromyalgia: a randomized, double-blind, placebo-controlled study",Duloxetine - 30mg,,,,,,,,,,,23.9,29,,
Arnold 2005,"Title: A randomized, double-blind, placebo-controlled trial of duloxetine in the treatment of women with fibromyalgia with or without major depressive disorder",Placebo,,,,,,,,,,,43,52,,
Arnold 2005,"Title: A randomized, double-blind, placebo-controlled trial of duloxetine in the treatment of women with fibromyalgia with or without major depressive disorder",Duloxetine - 60mg,,,,,,,,,,,35,41,,
Arnold 2005,"Title: A randomized, double-blind, placebo-controlled trial of duloxetine in the treatment of women with fibromyalgia with or without major depressive disorder",Duloxetine - 120mg,,,,,,,,,,,39,45,,
Arnold 2004,"Title: A double-blind, multicenter trial comparing duloxetine with placebo in the treatment of fibromyalgia patients with or without major depressive disorder",Placebo,,,,,,,,,,,36,37,,
Arnold 2004,"Title: A double-blind, multicenter trial comparing duloxetine with placebo in the treatment of fibromyalgia patients with or without major depressive disorder",Duloxetine - 120mg,,,,,,,,,,,44,46,,
Brown 2015,Title: A Randomized Placebo-Controlled Trial of Duloxetine for Central Pain in Multiple Sclerosis,Placebo,,,,,,,,,,,10,2,,
Brown 2015,Title: A Randomized Placebo-Controlled Trial of Duloxetine for Central Pain in Multiple Sclerosis,Duloxetine - 60mg,,,,,,,,,,,22.22,4,,
Braz 2013,"Title: Effects of Panax ginseng extract in patients with fibromyalgia: a 12-week, randomized, double-blind, placebo-controlled trial",Placebo,,,,,,,,,,,,,,
Braz 2013,"Title: Effects of Panax ginseng extract in patients with fibromyalgia: a 12-week, randomized, double-blind, placebo-controlled trial",Amitriptyline - 25mg,,,,,,,,,,,,,,
Braz 2013,"Title: Effects of Panax ginseng extract in patients with fibromyalgia: a 12-week, randomized, double-blind, placebo-controlled trial",Panax ginseng - 100mg,,,,,,,,,,,,,,
Rowbotham 2012,Title: Efficacy and safety of the alpha4beta2 neuronal nicotinic receptor agonist ABT-894 in patients with diabetic peripheral neuropathic pain,Placebo,,,,,,,,,,,,,,
Rowbotham 2012,Title: Efficacy and safety of the alpha4beta2 neuronal nicotinic receptor agonist ABT-894 in patients with diabetic peripheral neuropathic pain,Duloxetine 60mg,,,,,,,,,,,,,,
Rowbotham 2012,Title: Efficacy and safety of the alpha4beta2 neuronal nicotinic receptor agonist ABT-894 in patients with diabetic peripheral neuropathic pain,ABT-894 2mg,,,,,,,,,,,,,,
Rowbotham 2012,Title: Efficacy and safety of the alpha4beta2 neuronal nicotinic receptor agonist ABT-894 in patients with diabetic peripheral neuropathic pain,ABT-894 4mg,,,,,,,,,,,,,,
Rowbotham 2012,Title: Efficacy and safety of the alpha4beta2 neuronal nicotinic receptor agonist ABT-894 in patients with diabetic peripheral neuropathic pain,ABT-894 8mg,,,,,,,,,,,,,,
Dickens 2000,Title: The relationship between pain and depression in a trial using paroxetine in sufferers of chronic low back pain,Placebo,,,,,,,,,,,,,,
Dickens 2000,Title: The relationship between pain and depression in a trial using paroxetine in sufferers of chronic low back pain,Paroxetine 20mg,,,,,,,,,,,,,,
Nct 2008,Title: A European multicenter randomized double-blind placebo-controlled monotherapy clinical trial of milnacipran in treatment of fibromyalgia,Placebo,,,,,,,,,,,17.6,79,,
Nct 2008,Title: A European multicenter randomized double-blind placebo-controlled monotherapy clinical trial of milnacipran in treatment of fibromyalgia,Milnacipran 200mg,,,,,,,,,,,29.2,127,,
Eberhard 1988,Title: A double-blind randomized study of clomipramine versus maprotiline in patients with idiopathic pain syndromes,Maprotiline (25-150mg),,,,,,,,,,,16.6,5,,
Eberhard 1988,Title: A double-blind randomized study of clomipramine versus maprotiline in patients with idiopathic pain syndromes,Clomipramine (25-150mg),,,,,,,,,,,32.5,13,,
Arnold 2012,"Title: Safety and efficacy of esreboxetine in patients with fibromyalgia: A fourteen-week, randomized, double-blind, placebo-controlled, multicenter clinical trial",Placebo,,,,,,,,,,,27.3,76,,
Arnold 2012,"Title: Safety and efficacy of esreboxetine in patients with fibromyalgia: A fourteen-week, randomized, double-blind, placebo-controlled, multicenter clinical trial",Esreboxetine - 4mg,,,,,,,,,,,37.2,103,,
Arnold 2012,"Title: Safety and efficacy of esreboxetine in patients with fibromyalgia: A fourteen-week, randomized, double-blind, placebo-controlled, multicenter clinical trial",Esreboxetine - 8mg,,,,,,,,,,,39.1,111,,
Arnold 2012,"Title: Safety and efficacy of esreboxetine in patients with fibromyalgia: A fourteen-week, randomized, double-blind, placebo-controlled, multicenter clinical trial",Esreboxetine - 10mg,,,,,,,,,,,38.2,108,,
Goldman 2010,Title: Low-dose amitriptyline for treatment of persistent arm pain due to repetitive use,Placebo,,,,,,,,,,,6.8,4,,
Goldman 2010,Title: Low-dose amitriptyline for treatment of persistent arm pain due to repetitive use,Amitriptyline 25mg,,,,,,,,,,,13.6,8,,
Arnold 2002,"Title: A randomized, placebo-controlled, double-blind, flexible-dose study of fluoxetine in the treatment of women with fibromyalgia",Placebo,,,,,,,,,,,40,12,,
Arnold 2002,"Title: A randomized, placebo-controlled, double-blind, flexible-dose study of fluoxetine in the treatment of women with fibromyalgia",Fluoxetine - 10-80mg,,,,,,,,,,,36.7,11,,
Arnold 2010,"Title: Efficacy and safety of milnacipran 100 mg/day in patients with fibromyalgia: results of a randomized, double-blind, placebo-controlled trial",Placebo,,,,,,,,,,,,,,
Arnold 2010,"Title: Efficacy and safety of milnacipran 100 mg/day in patients with fibromyalgia: results of a randomized, double-blind, placebo-controlled trial",Milnacipran - 100mg,,,,,,,,,,,,,,
Anderberg 2000,"Title: Citalopram in patients with fibromyalgia--a randomized, double-blind, placebo-controlled study",Placebo,,,,,,,,,,,5.26,1,,
Anderberg 2000,"Title: Citalopram in patients with fibromyalgia--a randomized, double-blind, placebo-controlled study",Citalopram - 30-40mg,,,,,,,,,,,19.1,4,,
Allen 2014,Title: Clinical experience with desvenlafaxine in treatment of pain associated with diabetic peripheral neuropathy,Placebo,,,,,,,,,,,16.7,15,,
Allen 2014,Title: Clinical experience with desvenlafaxine in treatment of pain associated with diabetic peripheral neuropathy,Desvenlafaxine - 50mg,,,,,,,,,,,19,12,,
Allen 2014,Title: Clinical experience with desvenlafaxine in treatment of pain associated with diabetic peripheral neuropathy,Desvenlafaxine - 100mg,,,,,,,,,,,20.7,18,,
Allen 2014,Title: Clinical experience with desvenlafaxine in treatment of pain associated with diabetic peripheral neuropathy,Desvenlafaxine - 200mg,,,,,,,,,,,31.3,31,,
Allen 2014,Title: Clinical experience with desvenlafaxine in treatment of pain associated with diabetic peripheral neuropathy,Desvenlafaxine - 400mg,,,,,,,,,,,39.1,27,,
Ahmed 2016,"Title: The Effects of Milnacipran on Sleep Disturbance in Fibromyalgia: A Randomized, Double-Blind, Placebo-Controlled, Two-Way Crossover Study",Placebo,,,,,,,,,,,5.5,1,,
Ahmed 2016,"Title: The Effects of Milnacipran on Sleep Disturbance in Fibromyalgia: A Randomized, Double-Blind, Placebo-Controlled, Two-Way Crossover Study",Milnacipran - 100mg,,,,,,,,,,,16.7,3,,
Ash 1999,Title: The effects of dothiepin on subjects with rheumatoid arthritis and depression,Placebo,,,,,,,,,,,43.5,10,,
Ash 1999,Title: The effects of dothiepin on subjects with rheumatoid arthritis and depression,Dothiepin - 75-150mg,,,,,,,,,,,44,10,,
Arnold 2010,"Title: Flexible dosed duloxetine in the treatment of fibromyalgia: a randomized, double-blind, placebo-controlled trial",Placebo,,,,,,,,,,,30,80,,
Arnold 2010,"Title: Flexible dosed duloxetine in the treatment of fibromyalgia: a randomized, double-blind, placebo-controlled trial",Duloxetine - 60-120mg,,,,,,,,,,,33.1,87,,
Atkinson 1998,"Title: A placebo-controlled randomized clinical trial of nortriptyline for chronic low back pain. To enhance generalizability to the ‘usual’ back pain patient, the study sample was recruited from primary care populations and community volunteers, rather than from pain clinic settings.",Placebo,,,,,,,,,,,27.5,11,,
Atkinson 1998,"Title: A placebo-controlled randomized clinical trial of nortriptyline for chronic low back pain. To enhance generalizability to the ‘usual’ back pain patient, the study sample was recruited from primary care populations and community volunteers, rather than from pain clinic settings.",Nortriptyline,,,,,,,,,,,26.32,10,,
Abou-Raya 2012,Title: Duloxetine for the management of pain in older adults with knee osteoarthritis: randomised placebo-controlled trial,Placebo,,,,,,,,,,,9.03,13,,
Abou-Raya 2012,Title: Duloxetine for the management of pain in older adults with knee osteoarthritis: randomised placebo-controlled trial,Duloxetine - 60mg,,,,,,,,,,,14.58,21,,
Goodkin 1990,"Title: A randomized, double-blind, placebo-controlled trial of trazodone hydrochloride in chronic low back pain syndrome",Placebo,,,,,,,,,,,20,4,,
Goodkin 1990,"Title: A randomized, double-blind, placebo-controlled trial of trazodone hydrochloride in chronic low back pain syndrome",Trazodone ≤600mg,,,,,,,,,,,40.9,9,,
Ginsberg 1998,Title: A pilot randomized placebo-controlled study of pirlindole in the treatment of primary fibromyalgia,Placebo,,,,,,,,,,,44,22,,
Ginsberg 1998,Title: A pilot randomized placebo-controlled study of pirlindole in the treatment of primary fibromyalgia,Pirlindole 150mg,,,,,,,,,,,34,17,,
Miki 2016,"Title: Efficacy of mirtazapine for the treatment of fibromyalgia without concomitant depression: a randomized, double-blind, placebo-controlled phase IIa study in Japan",Placebo,,,,,,,,,,,10.7,23,,
Miki 2016,"Title: Efficacy of mirtazapine for the treatment of fibromyalgia without concomitant depression: a randomized, double-blind, placebo-controlled phase IIa study in Japan",Mirtazapine 30mg,,,,,,,,,,,11.6,25,,